{
  "0": {
    "size": 22,
    "percentage": 2.968960863697706,
    "center": [
      0.00019189138644433917,
      0.22728236776751604,
      0.040594240255466915,
      -0.020270867616087814,
      0.0,
      0.0,
      0.2475421620060554,
      0.5940285769505219,
      1.1876344895959587,
      -0.16580750770510821,
      4.478111445019754,
      -0.06938241321904197,
      0.12804956749778892,
      0.2501073745045287
    ],
    "focus": "general_fitness",
    "intensity_level": "Moderate",
    "recommended_days": 4,
    "dominant_features": {
      "fiber": 4.478111445019754,
      "carbohydrate": 1.1876344895959587,
      "protein": 0.5940285769505219
    }
  },
  "1": {
    "size": 64,
    "percentage": 8.63697705802969,
    "center": [
      -0.3380617490905466,
      0.12113069661567796,
      -0.5413634029554212,
      -0.39373194784966126,
      0.0,
      0.0,
      0.0406229804844906,
      1.1950689523967861,
      -0.8288189589402867,
      0.23308638007780957,
      -0.4177227981074516,
      0.28036158810959855,
      0.003692123833487757,
      -0.401079845520754
    ],
    "focus": "strength_training",
    "intensity_level": "Moderate",
    "recommended_days": 4,
    "dominant_features": {
      "protein": 1.1950689523967861,
      "carbohydrate": -0.8288189589402867,
      "age": -0.5413634029554212
    }
  },
  "2": {
    "size": 22,
    "percentage": 2.968960863697706,
    "center": [
      0.08088192155115109,
      -0.2578614876789439,
      1.5118299920777953,
      0.23311492638332354,
      0.0,
      0.0,
      -0.27241716396441057,
      0.9998566365568852,
      -0.7934812675149899,
      -0.08296550251474126,
      -0.467187532577001,
      0.2803615881095988,
      0.0036921238334877557,
      -0.3350135053050305
    ],
    "focus": "strength_training",
    "intensity_level": "Moderate",
    "recommended_days": 4,
    "dominant_features": {
      "age": 1.5118299920777953,
      "protein": 0.9998566365568852,
      "carbohydrate": -0.7934812675149899
    }
  },
  "3": {
    "size": 106,
    "percentage": 14.304993252361673,
    "center": [
      -0.2984298701821731,
      0.22666946200993068,
      -0.638658540414218,
      -0.37319165688861705,
      0.0,
      0.0,
      -0.8403244100049414,
      -0.6380683121275162,
      -0.5404398651203594,
      -0.450480118257034,
      -0.18241933951190434,
      0.2803615881095988,
      0.02950215931098434,
      -0.3616062460207934
    ],
    "focus": "weight_loss",
    "intensity_level": "Moderate",
    "recommended_days": 4,
    "dominant_features": {
      "calories": -0.8403244100049414,
      "age": -0.638658540414218,
      "protein": -0.6380683121275162
    }
  },
  "4": {
    "size": 24,
    "percentage": 3.2388663967611335,
    "center": [
      2.2434463679445,
      0.42858796972757957,
      -0.02086985282464357,
      2.5153556836077224,
      0.0,
      0.0,
      0.5677705713866193,
      0.3896247907977407,
      1.1682747871604235,
      -0.08355952464498226,
      0.5446830678105128,
      0.2803615881095987,
      0.003692123833487754,
      -0.33501350530503043
    ],
    "focus": "endurance",
    "intensity_level": "Moderate",
    "recommended_days": 4,
    "dominant_features": {
      "bmi": 2.5153556836077224,
      "weight": 2.2434463679445,
      "carbohydrate": 1.1682747871604235
    }
  },
  "5": {
    "size": 37,
    "percentage": 4.993252361673414,
    "center": [
      -0.006742654329242373,
      0.05756423643926558,
      -0.2874252011501854,
      0.004279755566906305,
      0.0,
      0.0,
      2.9139184916002416,
      -0.7536110772044329,
      -0.9145212133428001,
      3.601462618083574,
      -0.4502243859547736,
      0.17638364176865154,
      0.0776343876338831,
      0.05352799823392706
    ],
    "focus": "general_fitness",
    "intensity_level": "Moderate",
    "recommended_days": 4,
    "dominant_features": {
      "total_fat": 3.601462618083574,
      "calories": 2.9139184916002416,
      "carbohydrate": -0.9145212133428001
    }
  },
  "6": {
    "size": 14,
    "percentage": 1.8893387314439947,
    "center": [
      -0.27688088642946307,
      -0.16792205973358043,
      0.31488298216398763,
      -0.2520173985296083,
      0.0,
      0.0,
      0.7134936171737645,
      0.11193332961451471,
      0.9913299194472047,
      0.17722995166124828,
      0.6459857105480077,
      -3.5668224265054485,
      0.5899486439651933,
      1.9838101690601726
    ],
    "focus": "general_fitness",
    "intensity_level": "Low",
    "recommended_days": 3,
    "dominant_features": {
      "intensity": -3.5668224265054485,
      "rating": 1.9838101690601726,
      "carbohydrate": 0.9913299194472047
    }
  },
  "7": {
    "size": 85,
    "percentage": 11.470985155195681,
    "center": [
      -0.14569905235950134,
      0.34603851291021137,
      -0.5338511249122964,
      -0.21387347368773194,
      0.0,
      0.0,
      0.45444476519631477,
      -0.0753557205324352,
      1.3394055388909722,
      -0.2523507712942676,
      0.0688052787131264,
      0.28036158810959866,
      0.035878756311307006,
      -0.34219875956117196
    ],
    "focus": "endurance",
    "intensity_level": "Moderate",
    "recommended_days": 4,
    "dominant_features": {
      "carbohydrate": 1.3394055388909722,
      "age": -0.5338511249122964,
      "calories": 0.45444476519631477
    }
  },
  "8": {
    "size": 9,
    "percentage": 1.214574898785425,
    "center": [
      -0.3902600087737636,
      -0.08386102577157463,
      0.3666683001936901,
      -0.40868168098572377,
      0.0,
      0.0,
      -0.7417031921488341,
      -0.47653798083486854,
      -0.3504315241028283,
      -0.4682557483600677,
      -0.13074991020415316,
      0.28036158810959866,
      -5.468035397395763,
      -0.6795372350225809
    ],
    "focus": "weight_loss",
    "intensity_level": "Moderate",
    "recommended_days": 4,
    "dominant_features": {
      "exercise_type": -5.468035397395763,
      "calories": -0.7417031921488341,
      "rating": -0.6795372350225809
    }
  },
  "9": {
    "size": 21,
    "percentage": 2.834008097165992,
    "center": [
      0.3840331935439293,
      0.46059582496695883,
      0.8627171360571573,
      0.35844764237845717,
      0.0,
      0.0,
      -0.7102096256308518,
      -0.40258989835047726,
      -0.5184868664652605,
      -0.378508713722678,
      -0.22218203903389216,
      0.2803615881095987,
      0.0036921238334877535,
      2.3428754847722946
    ],
    "focus": "weight_loss",
    "intensity_level": "Moderate",
    "recommended_days": 4,
    "dominant_features": {
      "rating": 2.3428754847722946,
      "age": 0.8627171360571573,
      "calories": -0.7102096256308518
    }
  },
  "10": {
    "size": 28,
    "percentage": 3.7786774628879893,
    "center": [
      -0.9395382378129316,
      -1.0998910395607033,
      -0.8165580782086599,
      -0.8799800191640964,
      0.0,
      0.0,
      0.40016248204165866,
      -0.20298558497346778,
      1.3743055218102527,
      -0.2862724434918975,
      0.01306976612492201,
      0.28036158810959877,
      0.003692123833487754,
      -0.43568602372899007
    ],
    "focus": "endurance",
    "intensity_level": "Moderate",
    "recommended_days": 4,
    "dominant_features": {
      "carbohydrate": 1.3743055218102527,
      "height": -1.0998910395607033,
      "weight": -0.9395382378129316
    }
  },
  "11": {
    "size": 23,
    "percentage": 3.1039136302294197,
    "center": [
      -1.284120176150925,
      -2.331298836782538,
      1.559508142955673,
      -1.0966473683557587,
      0.0,
      0.0,
      0.07804131273510266,
      0.30889281750194103,
      -0.04114240171347099,
      0.04479881550029068,
      0.008319365838833529,
      0.28036158810959877,
      0.0036921238334877557,
      -0.006149945120095803
    ],
    "focus": "general_fitness",
    "intensity_level": "Moderate",
    "recommended_days": 4,
    "dominant_features": {
      "height": -2.331298836782538,